<?xml version="1.0" encoding="UTF-8"?>
<!DOCTYPE suite SYSTEM "https://testng.org/testng-1.0.dtd">
<suite name="Suite" parallel="tests" verbose="5" thread-count="5">
	<test name="Chrome">
		<parameter name="browser" value="chrome"></parameter>
		<classes>
			<!-- <class name="com.testleaf.testcases.TC002CreateLead" /> -->
			<class name="com.testleaf.testcases.TC001Login" />
		</classes>
	</test> <!-- Test -->
	<test name="Firefox">
		<parameter name="browser" value="firefox"></parameter>
		<classes>
			<!-- <class name="com.testleaf.testcases.TC002CreateLead" /> -->
			<class name="com.testleaf.testcases.TC001Login" />
		</classes>
	</test> <!-- Test -->
</suite> <!-- Suite -->
